{
  "dataset": "combined_balanced (voiced+pvqd, n=672)",
  "svm": {
    "auc": 0.9197580073696145,
    "f1": 0.8476745839852083,
    "bal_acc": 0.8482142857142857,
    "report": {
      "0": {
        "precision": 0.8111702127659575,
        "recall": 0.9077380952380952,
        "f1-score": 0.8567415730337079,
        "support": 336.0
      },
      "1": {
        "precision": 0.8952702702702703,
        "recall": 0.7886904761904762,
        "f1-score": 0.8386075949367089,
        "support": 336.0
      },
      "accuracy": 0.8482142857142857,
      "macro avg": {
        "precision": 0.8532202415181138,
        "recall": 0.8482142857142857,
        "f1-score": 0.8476745839852085,
        "support": 672.0
      },
      "weighted avg": {
        "precision": 0.853220241518114,
        "recall": 0.8482142857142857,
        "f1-score": 0.8476745839852083,
        "support": 672.0
      }
    }
  },
  "lstm": {
    "auc": 0.9283544146825398,
    "f1": 0.8867080745341615,
    "bal_acc": 0.8869047619047619,
    "report": {
      "0": {
        "precision": 0.8571428571428571,
        "recall": 0.9285714285714286,
        "f1-score": 0.8914285714285715,
        "support": 336.0
      },
      "1": {
        "precision": 0.922077922077922,
        "recall": 0.8452380952380952,
        "f1-score": 0.8819875776397516,
        "support": 336.0
      },
      "accuracy": 0.8869047619047619,
      "macro avg": {
        "precision": 0.8896103896103895,
        "recall": 0.8869047619047619,
        "f1-score": 0.8867080745341616,
        "support": 672.0
      },
      "weighted avg": {
        "precision": 0.8896103896103895,
        "recall": 0.8869047619047619,
        "f1-score": 0.8867080745341615,
        "support": 672.0
      }
    }
  },
  "ensemble": {
    "auc": 0.9309630102040817,
    "f1": 0.8615553315685125,
    "bal_acc": 0.8616071428571428,
    "report": {
      "0": {
        "precision": 0.8761609907120743,
        "recall": 0.8422619047619048,
        "f1-score": 0.858877086494689,
        "support": 336.0
      },
      "1": {
        "precision": 0.8481375358166189,
        "recall": 0.8809523809523809,
        "f1-score": 0.8642335766423358,
        "support": 336.0
      },
      "accuracy": 0.8616071428571429,
      "macro avg": {
        "precision": 0.8621492632643466,
        "recall": 0.8616071428571428,
        "f1-score": 0.8615553315685124,
        "support": 672.0
      },
      "weighted avg": {
        "precision": 0.8621492632643466,
        "recall": 0.8616071428571429,
        "f1-score": 0.8615553315685125,
        "support": 672.0
      }
    }
  }
}