{
  "svm": {
    "auc": 0.5930056930405485,
    "f1": 0.6408703021479046,
    "bal_acc": 0.5300917857557802,
    "report": {
      "0": {
        "precision": 0.3333333333333333,
        "recall": 0.24561403508771928,
        "f1-score": 0.2828282828282828,
        "support": 57.0
      },
      "1": {
        "precision": 0.7409638554216867,
        "recall": 0.8145695364238411,
        "f1-score": 0.7760252365930599,
        "support": 151.0
      },
      "accuracy": 0.6586538461538461,
      "macro avg": {
        "precision": 0.5371485943775101,
        "recall": 0.5300917857557802,
        "f1-score": 0.5294267597106713,
        "support": 208.0
      },
      "weighted avg": {
        "precision": 0.6292574142724745,
        "recall": 0.6586538461538461,
        "f1-score": 0.6408703021479046,
        "support": 208.0
      }
    }
  },
  "lstm": {
    "auc": 0.5760427558963634,
    "f1": 0.6476023976023976,
    "bal_acc": 0.5486232136632974,
    "report": {
      "0": {
        "precision": 0.35294117647058826,
        "recall": 0.3157894736842105,
        "f1-score": 0.3333333333333333,
        "support": 57.0
      },
      "1": {
        "precision": 0.7515923566878981,
        "recall": 0.7814569536423841,
        "f1-score": 0.7662337662337663,
        "support": 151.0
      },
      "accuracy": 0.6538461538461539,
      "macro avg": {
        "precision": 0.5522667665792432,
        "recall": 0.5486232136632974,
        "f1-score": 0.5497835497835498,
        "support": 208.0
      },
      "weighted avg": {
        "precision": 0.6423466005706545,
        "recall": 0.6538461538461539,
        "f1-score": 0.6476023976023976,
        "support": 208.0
      }
    }
  },
  "ensemble": {
    "auc": 0.5316602765191123,
    "f1": 0.613733614655339,
    "bal_acc": 0.5395027303357732,
    "report": {
      "0": {
        "precision": 0.3194444444444444,
        "recall": 0.40350877192982454,
        "f1-score": 0.35658914728682173,
        "support": 57.0
      },
      "1": {
        "precision": 0.75,
        "recall": 0.6754966887417219,
        "f1-score": 0.710801393728223,
        "support": 151.0
      },
      "accuracy": 0.6009615384615384,
      "macro avg": {
        "precision": 0.5347222222222222,
        "recall": 0.5395027303357732,
        "f1-score": 0.5336952705075224,
        "support": 208.0
      },
      "weighted avg": {
        "precision": 0.632011217948718,
        "recall": 0.6009615384615384,
        "f1-score": 0.613733614655339,
        "support": 208.0
      }
    }
  }
}